-- insert role data
INSERT INTO roles (id, role_name) VALUES
(1, 'customer'),
(2, 'client'),
(3, 'employee');

INSERT INTO users(username,email,hashed_password,first_name,last_name,phone,street_address,city,state,country,post_code,is_active,role_id,created_at,last_logged_in) VALUES
('customer1', 'customer1@example.com','pbkdf2:sha256:600000$l1Wb0ZA9$dbd4935a41a9165b0a155b0437033efec13128578835d163b28b1ccb371e758f', 'John','Doe','0277654321', 'Lincoln University unit 1','Christchurch','Canterbury','New Zealand','1743',1,1,'2021-05-12 08:34:05','2021-05-12 08:34:05'),
('staff1', 'staff1@gmail.com','pbkdf2:sha256:600000$l1Wb0ZA9$dbd4935a41a9165b0a155b0437033efec13128578835d163b28b1ccb371e758f', 'Alice','Smith','0277654322', 'Lincoln University unit 2','Christchurch','Canterbury','New Zealand','1743',1,3,'2021-05-12 08:34:05','2021-05-12 08:34:05'),
('manager1', 'manager1@gmail.com','pbkdf2:sha256:600000$l1Wb0ZA9$dbd4935a41a9165b0a155b0437033efec13128578835d163b28b1ccb371e758f', 'Michael','Johnson','0277654323', 'Lincoln University unit 3','Christchurch','Canterbury','New Zealand','1743',1,3,'2021-05-12 08:34:05','2021-05-12 08:34:05'),
('administrator1', 'administrator1@gmail.com','pbkdf2:sha256:600000$l1Wb0ZA9$dbd4935a41a9165b0a155b0437033efec13128578835d163b28b1ccb371e758f', 'Emily','Brown','0277654324', 'Lincoln University unit 4','Christchurch','Canterbury','New Zealand','1743',1,3,'2021-05-12 08:34:05','2021-05-12 08:34:05'),
('client1', 'client1@gmail.com','pbkdf2:sha256:600000$l1Wb0ZA9$dbd4935a41a9165b0a155b0437033efec13128578835d163b28b1ccb371e758f', 'Jason','Collins','0277625354', '1400 Tomoana Road, Tomoana','Hastings',"Hawke's Bay",'New Zealand','4172',1,2,'2021-05-12 08:34:05','2021-05-12 08:34:05'),
('client2', 'client2@gmail.com','pbkdf2:sha256:600000$l1Wb0ZA9$dbd4935a41a9165b0a155b0437033efec13128578835d163b28b1ccb371e758f', 'Jason','Collins','0278626345', '1400 Tomoana Road, Tomoana','Hastings',"Hawke's Bay",'New Zealand','4172',1,2,'2021-05-12 08:34:05','2021-05-12 08:34:05'),
('client3', 'client3@gmail.com','pbkdf2:sha256:600000$l1Wb0ZA9$dbd4935a41a9165b0a155b0437033efec13128578835d163b28b1ccb371e758f', 'Jason','Collins','0276653328', '1400 Tomoana Road, Tomoana','Hastings',"Hawke's Bay",'New Zealand','4172',1,2,'2021-05-12 08:34:05','2021-05-12 08:34:05'),
('client4', 'client4@gmail.com','pbkdf2:sha256:600000$l1Wb0ZA9$dbd4935a41a9165b0a155b0437033efec13128578835d163b28b1ccb371e758f', 'Jason','Collins','0279654325', '1400 Tomoana Road, Tomoana','Hastings',"Hawke's Bay",'New Zealand','4172',1,2,'2021-05-12 08:34:05','2021-05-12 08:34:05'),
('client5', 'client5@gmail.com','pbkdf2:sha256:600000$l1Wb0ZA9$dbd4935a41a9165b0a155b0437033efec13128578835d163b28b1ccb371e758f', 'Jason','Collins','0274684352', '1400 Tomoana Road, Tomoana','Hastings',"Hawke's Bay",'New Zealand','4172',1,2,'2021-05-12 08:34:05','2021-05-12 08:34:05'),
('customer2', 'customer2@example.com', 'pbkdf2:sha256:600000$l1Wb0ZA9$dbd4935a41a9165b0a155b0437033efec13128578835d163b28b1ccb371e758f', 'Jane', 'Doe', '234-567-8901', '234 Elm St', 'CityB', 'StateB', 'New Zealand', '23456', TRUE, 1, '2021-05-12 08:34:05','2024-06-9 08:34:05'),
('customer3', 'customer3@example.com', 'pbkdf2:sha256:600000$l1Wb0ZA9$dbd4935a41a9165b0a155b0437033efec13128578835d163b28b1ccb371e758f', 'Jim', 'Beam', '345-678-9012', '345 Oak St', 'CityC', 'StateC', 'New Zealand', '34567', TRUE, 1, '2021-05-12 08:34:05','2024-06-9 08:34:05'),
('customer4', 'customer4@example.com', 'pbkdf2:sha256:600000$l1Wb0ZA9$dbd4935a41a9165b0a155b0437033efec13128578835d163b28b1ccb371e758f', 'Jack', 'Daniels', '456-789-0123', '456 Pine St', 'CityD', 'StateD', 'New Zealand', '45678', TRUE, 1, '2021-05-12 08:34:05','2024-06-9 08:34:05'),
('customer5', 'customer5@example.com', 'pbkdf2:sha256:600000$l1Wb0ZA9$dbd4935a41a9165b0a155b0437033efec13128578835d163b28b1ccb371e758f', 'Johnny', 'Walker', '567-890-1234', '567 Maple St', 'CityE', 'StateE', 'New Zealand', '56789', TRUE, 1, '2021-05-12 08:34:05','2024-06-9 08:34:05'),
('customer6', 'customer6@example.com', 'pbkdf2:sha256:600000$l1Wb0ZA9$dbd4935a41a9165b0a155b0437033efec13128578835d163b28b1ccb371e758f', 'Tom', 'Collins', '678-901-2345', '678 Cedar St', 'CityF', 'StateF', 'New Zealand', '67890', TRUE, 1, '2021-05-12 08:34:05','2024-06-9 08:34:05'),
('customer7', 'customer7@example.com', 'pbkdf2:sha256:600000$l1Wb0ZA9$dbd4935a41a9165b0a155b0437033efec13128578835d163b28b1ccb371e758f', 'Mary', 'Jane', '789-012-3456', '789 Birch St', 'CityG', 'StateG', 'New Zealand', '78901', TRUE, 1, '2021-05-12 08:34:05','2024-06-9 08:34:05'),
('customer8', 'customer8@example.com', 'pbkdf2:sha256:600000$l1Wb0ZA9$dbd4935a41a9165b0a155b0437033efec13128578835d163b28b1ccb371e758f', 'Lucy', 'Liu', '890-123-4567', '890 Cherry St', 'CityH', 'StateH', 'New Zealand', '89012', TRUE, 1, '2021-05-12 08:34:05','2024-06-9 08:34:05'),
('customer9', 'customer9@example.com', 'pbkdf2:sha256:600000$l1Wb0ZA9$dbd4935a41a9165b0a155b0437033efec13128578835d163b28b1ccb371e758f', 'Bruce', 'Wayne', '901-234-5678', '901 Walnut St', 'CityI', 'StateI', 'New Zealand', '90123', TRUE, 1, '2021-05-12 08:34:05','2024-06-9 08:34:05'),
('customer10', 'customer10@example.com', 'pbkdf2:sha256:600000$l1Wb0ZA9$dbd4935a41a9165b0a155b0437033efec13128578835d163b28b1ccb371e758f', 'Clark', 'Kent', '012-345-6789', '012 Spruce St', 'CityJ', 'StateJ', 'New Zealand', '01234', TRUE, 1, '2021-05-12 08:34:05','2024-06-9 08:34:05'),
('customer11', 'customer11@example.com', 'pbkdf2:sha256:600000$l1Wb0ZA9$dbd4935a41a9165b0a155b0437033efec13128578835d163b28b1ccb371e758f', 'Diana', 'Prince', '123-456-7890', '123 Aspen St', 'CityK', 'StateK', 'New Zealand', '12345', TRUE, 1, '2021-05-12 08:34:05','2024-06-9 08:34:05'),
('customer12', 'customer12@example.com', 'pbkdf2:sha256:600000$l1Wb0ZA9$dbd4935a41a9165b0a155b0437033efec13128578835d163b28b1ccb371e758f', 'Barry', 'Allen', '234-567-8901', '234 Cypress St', 'CityL', 'StateL', 'Australia', '23456', TRUE, 1, '2021-05-12 08:34:05','2024-06-9 08:34:05'),
('customer13', 'customer13@example.com', 'pbkdf2:sha256:600000$l1Wb0ZA9$dbd4935a41a9165b0a155b0437033efec13128578835d163b28b1ccb371e758f', 'Hal', 'Jordan', '345-678-9012', '345 Redwood St', 'CityM', 'StateM', 'Australia', '34567', TRUE, 1, '2021-05-12 08:34:05','2024-06-9 08:34:05'),
('customer14', 'customer14@example.com', 'pbkdf2:sha256:600000$l1Wb0ZA9$dbd4935a41a9165b0a155b0437033efec13128578835d163b28b1ccb371e758f', 'Arthur', 'Curry', '456-789-0123', '456 Sequoia St', 'CityN', 'StateN', 'USA', '45678', TRUE, 1, '2021-05-12 08:34:05','2024-06-9 08:34:05'),
('customer15', 'customer15@example.com', 'pbkdf2:sha256:600000$l1Wb0ZA9$dbd4935a41a9165b0a155b0437033efec13128578835d163b28b1ccb371e758f', 'Victor', 'Stone', '567-890-1234', '567 Hickory St', 'CityO', 'StateO', 'USA', '56789', TRUE, 1, '2021-05-12 08:34:05','2024-06-9 08:34:05'),
('customer16', 'customer16@example.com', 'pbkdf2:sha256:600000$l1Wb0ZA9$dbd4935a41a9165b0a155b0437033efec13128578835d163b28b1ccb371e758f', 'Oliver', 'Queen', '678-901-2345', '678 Fir St', 'CityP', 'StateP', 'USA', '67890', TRUE, 1, '2021-05-12 08:34:05','2024-06-9 08:34:05'),
('customer17', 'customer17@example.com', 'pbkdf2:sha256:600000$l1Wb0ZA9$dbd4935a41a9165b0a155b0437033efec13128578835d163b28b1ccb371e758f', 'Dinah', 'Lance', '789-012-3456', '789 Larch St', 'CityQ', 'StateQ', 'USA', '78901', TRUE, 1, '2021-05-12 08:34:05','2024-06-9 08:34:05'),
('customer18', 'customer18@example.com', 'pbkdf2:sha256:600000$l1Wb0ZA9$dbd4935a41a9165b0a155b0437033efec13128578835d163b28b1ccb371e758f', 'John', 'Constantine', '890-123-4567', '890 Alder St', 'CityR', 'StateR', 'Canada', '89012', TRUE, 1, '2021-05-12 08:34:05','2024-06-9 08:34:05'),
('customer19', 'customer19@example.com', 'pbkdf2:sha256:600000$l1Wb0ZA9$dbd4935a41a9165b0a155b0437033efec13128578835d163b28b1ccb371e758f', 'Zatanna', 'Zatara', '901-234-5678', '901 Ash St', 'CityS', 'StateS', 'Canada', '90123', TRUE, 1, '2021-05-12 08:34:05','2024-06-9 08:34:05'),
('customer20', 'customer20@example.com', 'pbkdf2:sha256:600000$l1Wb0ZA9$dbd4935a41a9165b0a155b0437033efec13128578835d163b28b1ccb371e758f', 'Kara', 'Zor-El', '012-345-6789', '012 Beech St', 'CityT', 'StateT', 'Canada', '01234', TRUE, 1, '2021-05-12 08:34:05','2024-06-9 08:34:05'),
('customer21', 'customer21@example.com', 'pbkdf2:sha256:600000$l1Wb0ZA9$dbd4935a41a9165b0a155b0437033efec13128578835d163b28b1ccb371e758f', 'Jonn', 'Jonzz', '123-456-7890', '123 Sycamore St', 'CityU', 'StateU', 'Canada', '12345', TRUE, 1, '2021-05-12 08:34:05','2024-06-9 08:34:05'),
('customer22', 'customer22@example.com', 'pbkdf2:sha256:600000$l1Wb0ZA9$dbd4935a41a9165b0a155b0437033efec13128578835d163b28b1ccb371e758f', 'Billy', 'Batson', '234-567-8901', '234 Willow St', 'CityV', 'StateV', 'Canada', '23456', TRUE, 1, '2021-05-12 08:34:05','2024-06-9 08:34:05'),
('customer23', 'customer23@example.com', 'pbkdf2:sha256:600000$l1Wb0ZA9$dbd4935a41a9165b0a155b0437033efec13128578835d163b28b1ccb371e758f', 'Dick', 'Grayson', '345-678-9012', '345 Palm St', 'CityW', 'StateW', 'Canada', '34567', TRUE, 1, '2021-05-12 08:34:05','2024-06-9 08:34:05'),
('customer24', 'customer24@example.com', 'pbkdf2:sha256:600000$l1Wb0ZA9$dbd4935a41a9165b0a155b0437033efec13128578835d163b28b1ccb371e758f', 'Barbara', 'Gordon', '456-789-0123', '456 Olive St', 'CityX', 'StateX', 'UK and Europe', '45678', TRUE, 1, '2021-05-12 08:34:05','2024-06-9 08:34:05'),
('customer25', 'customer25@example.com', 'pbkdf2:sha256:600000$l1Wb0ZA9$dbd4935a41a9165b0a155b0437033efec13128578835d163b28b1ccb371e758f', 'Tim', 'Drake', '567-890-1234', '567 Bamboo St', 'CityY', 'StateY', 'UK and Europe', '56789', TRUE, 1, '2021-05-12 08:34:05','2024-06-9 08:34:05'),
('customer26', 'customer26@example.com', 'pbkdf2:sha256:600000$l1Wb0ZA9$dbd4935a41a9165b0a155b0437033efec13128578835d163b28b1ccb371e758f', 'John', 'Doe', '123-456-7890', '123 Main St', 'CityA', 'StateA', 'UK and Europe', '12345', TRUE, 1, '2021-05-12 08:34:05','2024-06-9 08:34:05'),
('staff2', 'staff2@gmail.com','pbkdf2:sha256:600000$l1Wb0ZA9$dbd4935a41a9165b0a155b0437033efec13128578835d163b28b1ccb371e758f', 'Tim', 'Drake','0288654326', '567 Bamboo St','Christchurch','Canterbury','New Zealand','1745',1,3,'2021-05-12 08:34:05','2021-05-12 08:34:05'),
('staff3', 'staff3@gmail.com','pbkdf2:sha256:600000$l1Wb0ZA9$dbd4935a41a9165b0a155b0437033efec13128578835d163b28b1ccb371e758f', 'Oliver', 'Queen','0277654442', '456 Olive St','Christchurch','Canterbury','New Zealand','1753',1,3,'2021-05-12 08:34:05','2021-05-12 08:34:05'),
('manager2', 'manager2@gmail.com','pbkdf2:sha256:600000$l1Wb0ZA9$dbd4935a41a9165b0a155b0437033efec13128578835d163b28b1ccb371e758f', 'Michael','Johnson','0279653325', 'Lincoln University unit 3','Christchurch','Canterbury','New Zealand','1743',1,3,'2021-05-12 08:34:05','2021-05-12 08:34:05');



INSERT INTO customers (user_id, point) VALUES 
(1, 1200),
(10, 1200),
(11, 1200),
(12, 1200),
(13, 1200),
(14, 1200),
(15, 1200),
(16, 1200),
(17, 1200),
(18, 1200),
(19, 1200),
(20, 1200),
(21, 1200),
(22, 1200),
(23, 1200),
(24, 1200),
(25, 1200),
(26, 1200),
(27, 1200),
(28, 1200),
(29, 1200),
(30, 1200),
(31, 1200),
(32, 1200),
(33, 1200),
(34, 1200);

INSERT INTO employees VALUES 
(1, 2, '2022-02-22','staff',0,0),
(2, 3, '2021-02-22','manager',0,1),
(3, 4, '2020-02-22','administrator',1,0),
(4, 35, '2022-02-22','staff',0,0),
(5, 36, '2022-02-22','staff',0,0),
(6, 37, '2021-02-22','manager',0,1);

INSERT INTO corporate_clients (id, user_id, company_name, is_approved, discount_level, credit_limit, available_credit) VALUES
(1, 5, 'Heinz Watties Limited-11', 1, 1, 10000.00, 4048.75),
(2, 6, 'Heinz Watties Limited-22', 1, 2, 15000.00, 15000.00),
(3, 7, 'Heinz Watties Limited-33', 1, 3, 25000.00, 25000.00),
(4, 8, 'Heinz Watties Limited-44', 1, 4, 35000.00, 35000.00),
(5, 9, 'Heinz Watties Limited-55', 1, 5, 45000.00, 45000.00);

INSERT INTO product_colors (id, color_name) VALUES
(1,'Red'),
(2,'Blue'),
(3,'Green'),
(4,'Yellow'),
(5,'Black'),
(6,'Sage'),
(7,'Sepia'),
(8,'Grey'),
(9,'ROSEWOOD'),
(10,'CHARCOAL'),
(11,'NATURAL STRIPE'),
(12,'FERN'),
(13,'ROSEWOOD STRIPE'),
(14,'MINK'),
(15,'DEEP SAGE'),
(16,'CORNFLOWER'),
(17,'NATURAL'),
(18,'SILVER'),
(19,'MIDNIGHT'),
(20,'TEAL'),
(21,'ORCHID'),
(22,'PACIFIC'),
(23,'SHIRAZ'),
(24,'NAVY');

-- Inserting data into sizes table
INSERT INTO sizes (id, size_name) VALUES
(1,'One Size'),
(2,'S'),
(3,'S/M'),
(4,'M'),
(5,'L'),
(6,'L/XL'),
(7,'XL'),
(8,'XXL');

-- Inserting data into categories table
INSERT INTO categories (id, parent_category_id, category_name, description) VALUES
(1, NULL, 'womens', 'womens'),
(2, NULL, 'mens', 'mens'),
(3, NULL, 'accessories', 'accessories'),
(4, NULL, 'kids', 'kids & baby'),
(5, NULL, 'homewares', 'homewares'),
(6, 1, 'woman_capes_wraps_ponchos', 'Capes, Wraps & Ponchos'),
(7, 1, 'woman_cardigans_Vests', 'Cardigans & Vests'),
(8, 1, 'woman_jackets_Coats', 'Jackets & Coats'),
(9, 1, 'woman_jumpers', 'Jumpers'),
(10, 2, 'man_Tedes_Shirts', 'Tedes & Shirts'),
(11, 2, 'man_jackets_Coats', 'Jackets & Coats'),
(12, 2, 'man_jumpers', 'Jumpers');

-- Inserting data into brands table
INSERT INTO brands (id, brand_name, description) VALUES
(1, 'WoollyWonder', 'Specializing in high-quality wool products for everyday wear.'),
(2, 'CozyFiber', 'Creating cozy wool garments for chilly weather.'),
(3, 'WarmWoolens', 'Providing warm and durable wool clothing for outdoor enthusiasts.'),
(4, 'SnugKnits', 'Offering snug and stylish knitwear made from premium wool.'),
(5, 'SoftSheep', 'Known for luxurious wool products that are soft to the touch.'),
(6, 'WoollyWorks', 'Crafting artisanal wool items with attention to detail.'),
(7, 'PureWool', 'Committed to using only the finest wool fibers in their products.'),
(8, 'WoolBlend', 'Innovative designs blending wool with other natural fibers for superior comfort.'),
(9, 'HappyHerd', 'Supporting sustainable wool farming practices and producing eco-friendly wool goods.'),
(10, 'WoolyThreads', 'Creating trendy wool apparel that combines style with functionality.');

-- Inserting data into products table
INSERT INTO products (id, product_name, category_id, brand_id, description, base_price, is_active) VALUES
(1,'Possum Merino Plain Crew Neck Jumper', 6, 1, 'Crafted from a luxurious blend of lightweight but warm 40% possum fur  and 50% fine merino wool and 10% nylon for the ultimate in warmth and durability.', 199.99, TRUE),
(2,'Possum Merino North Cape', 6, 5, 'An attractive elegant easy to wear cape. Luxury without compromise. This style is effortlessly understated, beautiful, and timeless.', 174.99, TRUE),
(3,'Possum Merino Oxford Vee', 2, 4, 'Pair it with jeans for a more casual look, or over a shirt and jacket for formal occasions. Luxury without compromise.', 294.99, TRUE),
(4,'Possum Merino Cambridge Crew', 2, 2, 'Blending Possum fur with Merino wool produces garments that are lightweight, soft, warm, and resistant to pilling.', 294.99, FALSE),
(5,'Possum Merino Fingerless Glove', 3, 8, 'These single thickness fingerless gloves feature a rib design and open fingers from just below the knuckle.', 28.99, TRUE),
(6,'Merino Wool Unisex Scarf', 3, 7, 'Stay warm and cosy in all outdoor conditions with this scarf. Long enough to wrap around twice for that extra warmth.', 49.99, TRUE),
(7,'Possum Merino Childs Glove', 4, 7, 'These childs gloves are super cosy and available in a range of great colours, perfect to keep small hands warm even on the coldest of days.', 17.99, FALSE),
(8,'Possum Merino Girls Poncho', 4, 7, 'This Possum Merino Girls Poncho crafted from possum fur, merino wool and nylon is soft, light and, above all, warm. It is especially appropriate for children since they can wear it for several years.', 99.99, TRUE),
(9,'Possum Merino Ombre Throw', 5, 3, 'Our beautiful Ombre Throw is perfect for keeping you warm both at home or when traveling! Featuring a tonal ombre pattern.', 239.99, TRUE),
(10,'Possum Merino Travel Rugs', 5, 3, 'A handy, warm travel rug with a diamond lace pattern & blanket stitched edges. Wonderful for the car, work, or home - whenever you need to get warm and comfortable!', 224.99, TRUE),
(11,'Merino Possum Takahe Cape', 6, 1, 'Be ready for the chill of winter with the supersoft merino-possum Takahe Cape. The cape has a moss-stitch knit-making it oh-so-soft. You don''t need many layers with this style- as the high possum content provides unparalled warmth. The low dropped collar and scoop sleeves gives it a refined yet relaxed look. So take on that winter dinner outing or your favorite spot on the couch. One size fits all. 40% Possum, 50% Merino, 10% Nylon. Made in New Zealand by Lothlorian.', 199.99, TRUE),
(12,'Merino Possum Moss Stitch Poncho', 6, 4, 'This moss stitch poncho is soft and very light enabling it to drape easily over an outfit or it looks great worn as a scarf. The classic shape, longer length, and stretchy knit make for ease of wear. 40% Possum, 60% Merino, 10% Mulberry Silk. Made in New Zealand.', 199, TRUE),
(13,'Merino Posum Ribbed Wrap', 6, 5, 'This versatile rib wrap a great sized wrap and is handy to have in the car to throw on for any ocassion. Measures 80cm x 210cm. It is 20% Possum, 70% Merino, 10% Silk. Possum fibre is 55% warmer than Merino so this makes for a very warm but lightweight garment that has a very low pilling rate. Made in New Zealand by Native World.', 189, TRUE),
(14,'Merino Posum Travel Wrap', 6, 5, 'This versatile wrap is fine enough to wear as a scarf a shawl or used as a wrap. It is a plain knit in 20% Possum, 70% Merino, 10% Silk and measures 75cm x 210cm. Possum fibre is 55% warmer than Merino so this makes for a very warm but lightweight garment that has a very low pilling rate. Made in New Zealand by Native World.', 199, TRUE),
(15,'Merino Possum Zip Wrap', 6, 4, 'A merino possum moss stitch wrap with double ended zip. Can be worn zipped as a poncho or unzipped as a wrap. Possum fibre is 55% warmer than merino so this makes for a very warm but lightweight garment that has a very low pilling rate. One size fits all. Measures 70cm x 150cm. 40% Possum, 50% Merino, 10% Nylon. Made in New Zealand by Lothlorian.', 199, TRUE),
(16,'Merino Possum Anyway Wrap', 6, 4, 'The Superfine merino in this garment gives it a gorgeous soft handle and removes the itch factor sometimes associated with merino and possum blended garments. It also has a very low pilling rate. One size fits all. Made in New Zealand by Native World.', 199, TRUE),
(17,'Merino Possum Utiku Jacket', 7, 3, 'Superfine merino makes it light and soft, as possum insulates and concentrates your attention away from the bitter cold of winter. Yes we are confident in our very own Utiku Jacket. Simple styling. A low pilling rate. 20% Possum, 70% Superfine Merino, 10% Silk. Made in New Zealand exclusively by The Wool Company.', 219, TRUE),
(18,'Merino Stella Jacket', 7, 8, 'With the height through the back of the neck, shaping throughout the front panels, and deep pressed-pockets. This 270 gram midweight merino is a longer length version of the Suzannes Jacket . Our fully traceable merino fibre is sourced from the WIther Hills here it has been grown for over 150 years and remains the highest quality merino fibre in the world. ', 199, TRUE),
(19,'Merino Front Pocket Cardigan', 7, 4, 'A loose fitting casual v neck button through cardigan with height through the back of the neck, and also has front pockets. This is a large fitting garment so we would suggest going down one or to sizes depending on the fit you are looking for. You can always call us to getthe size measurements. 100% Supersoft Merino. Made in New Zealand.', 209, TRUE),
(20,'Merino Possum Sleeveless Zip Vest', 7, 2, 'Side pockets give your hands a break from the cold, and the high collar extends the cosy feeling to your neck. You will be prepared for any climate with possum is natural ability to regulate your body temperature, absorb moisture, and it is 35% warmer than cashmere. Take the guesswork out of winterwear with this vest s practical enthusiasm for the coldest of temperatures. 40% Possum, 50% Merino, 10% Nylon. Made in New Zealand by Lothlorain.', 219, TRUE),
(21,'Merino Possum Enfold Jacket', 8, 2, 'A flattering cross over style jacket with button fastening on opposite shoulders. 40% Possum, 50% Merino, 10% Nylon. Possum fibre is 55% warmer than merino so this makes for a very warm but lightweight garment. Made in New Zealand by Lothlorian.', 299, TRUE),
(22,'Merino Possum Honeycomb Jacket', 8, 3, 'It s a jacket that will enliven the senses and pull you out of that mid-winter slump. This natural fibre composition keeps you dry and comfortable- regulating your body temperature and providing warmth when needed most. This Honeycomb Jacket that lets you experience the fullness of premium fibres from nature. 40% Possum, 53% Merino, 7% Nylon. ', 319, TRUE),
(23,'Merino Possum Rib Jacket', 8, 1, 'Full zip through jacket with 4 x2 rib throughout. This is a sleek warm jacket with a high neck. 40% Possum, 50% Merino, 10% Nylon. Made in New Zealand by Lothlorian. ', 259, TRUE),
(24,'Merino Possum Moss Cowl Neck Sweater', 9, 1, 'A modern twist on a classic cowl with moss stitching on the yolk and sleeves. Light but warm winter weight sweater in a regular fit. Merino possum is light, soft, and warm. Low pilling rate. 40% Possum, 53% Merino, 7% Silk. Made in New Zealand.', 249, TRUE),
(25,'Merino Possum Zip Neck Sweater', 9, 1, 'A casual collared sweater with a half zip and rib detailing on the front yolk. This merino possum jersey is warm and practical without compromising on style. The superfine merino gives it a incredibly soft handle and removes the itch factor sometimes associated with merino and possum blend garments. Can be worn all year round as it is a lighter weight jersey. 20% Possum, 70% Superfine Merino, 10% Silk.', 239, TRUE),
(26,'Merino Possum Golf Jersey', 9, 2, 'This is a classic crew neck jersey with ribbed bands. It is a very popular jersey with our golfing clients, as it is light but warm and will turn a light shower. It can also be teamed with the 460 collared jacket for added warmth. 40% Possum, 50% Merino, 10% Nylon. Possum fibre is 55% warmer than merino so this makes for a very warm but lightweight garment .', 189, TRUE),
(27,'Merino Polo Shirt', 10, 3, 'Our lightweight merino polo shirt features a 1/4 zip and turtle neck that can be worn up or folded down into a collar. Ideal for wear as an outer layer garment for adventure or casual wear. You can also layer it up to suit the climate. Manufactured from fully traceable 100% Merino fabric in 200gsm weight.', 139, TRUE),
(28,'Merino Long Sleeve Crew', 10, 3, 'The Merino Crew Neck has a raglan sleeve and cross over detial on the neck band. This outer layer garment designed for everyday and outdoor use. This versatile lightweight style is perfect all year round. 100% Superfine Merino.', 119, TRUE),
(29,'Merino Tee', 10, 3, 'Experience the natural qualities of merino with our superfine merino Tee. This lightweight short-sleeve tee shirt is soft, simple, and super functional. It can be worn on your next outdoor adventure, or as your old reliable everyday top. Performs exceptionally as merino will naturally regulate your tempurature- keeping you warm in winter and cool in the summer. ', 99, TRUE),
(30,'Merino Rib Crew Sweater', 11, 4, 'This medium weight men s rib crew neck merino sweater works well across all seasons. Manufactured from 100% Merino wool. Made in New Zealand. ', 219, TRUE),
(31,'Merino Fine V Neck Sweater', 11, 4, 'This light weight men s vee neck merino jersey works well across all seasons. Manufactured from 100% Merino wool. Made in New Zealand. ', 199, TRUE),
(32,'Merino Possum Crew Neck Jersey', 11, 4, 'In a blend of superfine merino and possum, it is exceptionally warm yet still light enough to be worn through all seasons. The superfine merino in this garment gives it an incredibly soft handle and removes the itch factor sometimes associated with merino and possum blend garments (so it has a very low pilling rate). 20% Possum, 70% Superfine Merino, 10% Silk.  ', 199, TRUE),
(33,'Merino Possum Bristol Jacket', 12, 5, 'The Bristol Jacket is a classic in cosy possum and merino fibres. This is a full zip winter jacket with front pockets. The natural hollowness of possum makes it all-together soft and light whilst delivering exceptional warmth to get you through the icey days of autumn and winter. This merino possum jacket wraps up nature s best with style and sophistication. 40% Possum, 53% Merino, 7%Silk.', 329, TRUE),
(34,'Merino Possum Turtle Neck Zip Sweater', 12, 5, 'This is a plain quarter zip turtle neck jersey, with rib detailing on the outside sleeve. This merino possum jersey is warm and practical without compromising on style. The superfine merino gives it a incredibly soft handle and removes the itch factor sometimes associated with merino and possum blend garments. Can be worn all year round as it is a lighter weight jersey. 20% Possum, 70% Superfine Merino, 10% Silk. ', 239, TRUE),
(35,'Possum and Wool 36.6 Tasman Sweater', 12, 5, 'A heavy weight dual layer Possum Fur/Wool Blend jersey. Great for outdoor workwear. Wool outer for durability, possum inner for warmth and comfort. 25% Possum Fur, 65% Wool, 10% Nylon. Made in New Zealand by MKM Originals. Customer Review - Winter has come to South, a bit early maybe, but out comes my MKM 36.6 dual layer jersey. This is quite simply the best jersey have ever had for winter. ', 199, TRUE),
(36,'Merino Possum Bristol Jackets', 12, 5, 'The natural hollowness of possum makes it all-together soft and light whilst delivering exceptional warmth to get you through the icey days of autumn and winter. This merino possum jacket wraps up nature s best with style and sophistication. 40% Possum, 53% Merino, 7%Silk. ', 329, TRUE),
(37,'Merino Possum Cable Hat', 3, 6, 'Generous crown of this beanie creates a fashionable drape at the nape of the neck, with a rabbit fur pompom. Charcoal and Natural have natural fur pompoms. Black has black fur pompoms. Sage has silver fur pompoms. 40% Possum, 50% Merino, 10% Nylon. Possum fibre is 55% warmer than merino so this makes for a very warm but lightweight garment .', 65, TRUE),
(38,'Merino Possum Gloves', 3, 7, '30% Possum, 60% Merino, 10% Nylon. Unisex glove, goes well with 5 stripe range and plain scarf and plain or rib beanie. Possum fibre is 55% warmer than Merino so this makes for a very warm but lightweight garment that has a very low pilling rate. Made in New Zealand by Native World. Length S/19.5cm, M/20.5cm, L/21.5cm. This includes a 4.5cm cuff. Width S/8cm, M/9cm, L/10cm.', 35, TRUE),
(39,'Merino Possum Cable Scarf', 3, 8, 'A shorter length cable knit scarf with rabbit fur pom poms on the ends. Charcoal and Natural have natural fur pompoms. Black has black fur pompoms. Sage has silver fur pompoms. 40% Possum, 50% Merino, 10% Nylon. Measures 15cm x 160cm. Possum fibre is 55% warmer than merino so this makes for a very warm but lightweight garment .', 89, TRUE),
(40,'Merino Spotty Sock', 3, 9, 'The gorgeous spotty design wont distract from the comfort factor of these merino socks. With a linked toe seam and soft stitching, our spot merino socks will have feet feeling light and bouncy. Merino socks are anti-bacterial and absorb moisture- which will keep your feet dry and comfortable whilst fighting odour. 70% Merino, 28% Nylon, 2% Lycra.', 19, TRUE),
(41,'Kid Merino L/S Allsorts', 4, 10, 'These functional two tone tops are soft and warm. We make them from our fabric off cuts, so may have very small dying marks. Made in New Zealand from fully traceable100% Superfine Merino.', 39, TRUE),
(42,'Merino Babies Beanie', 4, 10, '100% Superfine Merino. Cute great fitting beanie in a soft winter weight fabric. Made in New Zealand.', 19, TRUE),
(43,'Kids Merino Possum Beanie', 4, 10, '40% Possum 50% Merino, 10% Nylon. Possum fibre is 55% warmer than Merino so this makes for a very warm but lightweight garment that has a very low pilling rate. Made in New Zealand.', 25, TRUE),
(44,'Possum Merino Queen Throw - Noble Wilde Knitwear', 5, 9, 'Possum Merino Queen Throw crafted in New Zealand by Noble Wilde Knitwear shows all the luxuriousness of Possum Merino creating the ultimate bed throw or lounge suite accessory.', 429, TRUE),
(45,'Possum Merino Lightweight Blanket', 5, 9, 'A light, warm cosy blanket, approximately 540 grams in weight. Size 180cm x 140cm. Expertly designed and manufactured in New Zealand by Lothlorian Knitwear.', 389, TRUE);

-- Inserting data into images_types table
INSERT INTO image_types (id, name, description) VALUES
    (1, 'main', 'The main product image'),
    (2, 'detail', 'Thumbnail image for the product'),
	(3, 'color', 'Color image for the product');

-- Inserting data into product_images table
INSERT INTO product_images (product_id, image_url, image_type_id, color_id, description) VALUES
(1, 'each_category/women/neck_jumper.jpg', 1, 6, 'Front view of the neck jumper.'),
(2, 'each_category/women/cape.jpg', 1, 5, 'Front view of the cape.'),
(3, 'each_category/men/vee.jpg', 1, 2, 'Front view of the vee.'),
(4, 'each_category/men/crew.jpg', 1, 5, 'Front view of the crew.'),
(5, 'each_category/accessories/glove.jpg', 1, 2, 'Front view of the glove.'),
(6, 'each_category/accessories/scarf.jpg', 1, 1, 'Front view of the scarf.'),
(7, 'each_category/kids/kid_glove.jpg', 1, 2, 'Front view of the glove.'),
(8, 'each_category/kids/kid_poncho.jpg', 1, 2, 'Front view of the poncho.'),
(9, 'each_category/homeware/ombre_throw.jpg', 1, 7, 'Front view of the ombre throw.'),
(10, 'each_category/homeware/rug.jpg', 1, 8, 'Front view of the rug.'),
(11, 'each_category/women/code_9995/merino-possum-takahe-cape-black-web-image-9995.jpg', 1, 5, 'Supersoft merino-possum Takahe Cape'),
(11, 'each_category/women/code_9995/merino-possum-takahe-cape-black-web-image-9995.jpg', 3, 5, 'Supersoft merino-possum Takahe Cape'),
(11, 'each_category/women/code_9995/merino-possum-takahe-cape-black-web-back-9995-detail1.jpg', 2, 5, 'Supersoft merino-possum Takahe Cape'),
(11, 'each_category/women/code_9995/merino-possum-takahe-cape-black-web-back-9995-detail2.jpg', 2, 5, 'Supersoft merino-possum Takahe Cape'),
(11, 'each_category/women/code_9995/merino-possum-takahe-cape-natural-web-image-9995.jpg', 3, 17, 'Supersoft merino-possum Takahe Cape'),
(11, 'each_category/women/code_9995/merino-possum-takahe-cape-charcoal-web-image-9995.jpg', 3, 10, 'Supersoft merino-possum Takahe Cape'),
(11, 'each_category/women/code_9995/merino-possum-takahe-cape-silver-web-image-9995.jpg', 3, 18, 'Supersoft merino-possum Takahe Cape'),
(11, 'each_category/women/code_9995/merino-possum-takahe-cape-midnight-web-image-9995.jpg', 3, 19, 'Supersoft merino-possum Takahe Cape'),
(11, 'each_category/women/code_9995/merino-possum-takahe-cape-teal-web-image-9995.jpg', 3, 20, 'Supersoft merino-possum Takahe Cape'),
(11, 'each_category/women/code_9995/merino-possum-takahe-cape-orchid-web-image-9995.jpg', 3, 21, 'Supersoft merino-possum Takahe Cape'),
(11, 'each_category/women/code_9995/merino-possum-takahe-cape-sage-web-image-9995.jpg', 3,6, 'Supersoft merino-possum Takahe Cape'),
(12, 'each_category/women/code_1112/1112-6-4-1-22.webp', 1,22, 'Supersoft merino-possum Takahe Cape'),
(12, 'each_category/women/code_1112/1112-6-4-3-10.webp', 3,10, 'Supersoft merino-possum Takahe Cape'),
(12, 'each_category/women/code_1112/1112-6-4-3-5.webp', 3,5, 'Supersoft merino-possum Takahe Cape'),
(13, 'each_category/women/code_1113/1113-6-5-1-14.webp', 1,14, 'Supersoft merino-possum Takahe Cape'),
(13, 'each_category/women/code_1113/1113-6-5-3-17.webp', 3,17, 'Supersoft merino-possum Takahe Cape'),
(13, 'each_category/women/code_1113/1113-6-5-3-23.webp', 3,23, 'Supersoft merino-possum Takahe Cape'),
(14, 'each_category/women/code_1114/1114-6-5-1-13.webp', 1,13, 'Merino Posum Travel Wrap'),
(14, 'each_category/women/code_1114/1114-6-5-3-11.webp', 3,11, 'Merino Posum Travel Wrap'),
(14, 'each_category/women/code_1114/1114-6-5-3-10.webp', 3,10, 'Merino Posum Travel Wrap'),
(14, 'each_category/women/code_1114/1114-6-5-3-14.webp', 3,14, 'Merino Posum Travel Wrap'),
(14, 'each_category/women/code_1114/1114-6-5-3-15.webp', 3,15, 'Merino Posum Travel Wrap'),
(15, 'each_category/women/code_1115/1115-6-4-1-10.webp', 1,10, 'Merino Possum Zip Wrap'),
(15, 'each_category/women/code_1115/1115-6-4-3-5.webp', 3,5, 'Merino Possum Zip Wrap'),
(15, 'each_category/women/code_1115/1115-6-4-3-18.webp', 3,18, 'Merino Possum Zip Wrap'),
(15, 'each_category/women/code_1115/1115-6-4-3-6.webp', 3,6, 'Merino Possum Zip Wrap'),
(16, 'each_category/women/code_1116/1116-6-4-1-1.webp', 1,1, 'Merino Possum Anyway Wrap'),
(16, 'each_category/women/code_1116/1116-6-4-3-10.webp', 3,10, 'Merino Possum Anyway Wrap'),
(16, 'each_category/women/code_1116/1116-6-4-3-2.webp', 3,2, 'Merino Possum Anyway Wrap'),
(17, 'each_category/women/code_1217/1217-7-3-1-1.webp', 1,1, 'Merino Possum Utiku Jacket'),
(17, 'each_category/women/code_1217/1217-7-3-3-5.webp', 3,5, 'Merino Possum Utiku Jacket'),
(17, 'each_category/women/code_1217/1217-7-3-3-2.webp', 3,2, 'Merino Possum Utiku Jacket'),
(17, 'each_category/women/code_1217/1217-7-3-3-15.webp', 3,15, 'Merino Possum Utiku Jacket'),
(18, 'each_category/women/code_1218/1218-7-8-1-5.webp', 1,5, 'Merino Stella Jacket'),
(18, 'each_category/women/code_1218/1218-7-8-3-8.webp', 3,8, 'Merino Stella Jacket'),
(19, 'each_category/women/code_1219/1219-7-4-1-8.webp', 1,8, 'Merino Front Pocket Cardigan'),
(20, 'each_category/women/code_1220/1220-7-2-1-6.webp', 1,6, 'Merino Possum Sleeveless Zip Vest'),
(20, 'each_category/women/code_1220/1220-7-2-3-19.webp',3,19, 'Merino Possum Sleeveless Zip Vest'),
(21, 'each_category/women/code_1321/1321-8-2-1-6.webp', 1,6, 'Merino Possum Enfold Jacket'),
(21, 'each_category/women/code_1321/1321-8-2-3-19.webp', 3,19, 'Merino Possum Enfold Jacket'),
(21, 'each_category/women/code_1321/1321-8-2-3-10.webp',3,10, 'Merino Possum Enfold Jacket'),
(22, 'each_category/women/code_1322/1322-8-3-1-5.webp', 1,5, 'Merino Possum Honeycomb Jacket'),
(22, 'each_category/women/code_1322/1322-8-3-3-1.webp', 3,1, 'Merino Possum Honeycomb Jacket'),
(22, 'each_category/women/code_1322/1322-8-3-3-3.webp',3,3, 'Merino Possum Honeycomb Jacket'),
(23, 'each_category/women/code_1323/1323-8-1-1-17.webp', 1,17, 'Merino Possum Rib Jacket'),
(23, 'each_category/women/code_1323/1323-8-1-3-10.webp', 3,10, 'Merino Possum Rib Jacket'),
(23, 'each_category/women/code_1323/1323-8-1-3-19.webp',3,19, 'Merino Possum Rib Jacket'),
(24, 'each_category/women/code_1424/1424-9-1-1-8.webp', 1,8, 'Merino Possum Moss Cowl Neck Sweater'),
(24, 'each_category/women/code_1424/1424-9-1-3-5.webp', 3,5, 'Merino Possum Moss Cowl Neck Sweater'),
(24, 'each_category/women/code_1424/1424-9-1-3-3.webp',3,3, 'Merino Possum Moss Cowl Neck Sweater'),
(25, 'each_category/women/code_1425/1425-9-1-1-17.webp', 1,17, 'Merino Possum Zip Neck Sweater'),
(25, 'each_category/women/code_1425/1425-9-1-3-5.webp',3,5, 'Merino Possum Zip Neck Sweater'),
(26, 'each_category/women/code_1426/1426-9-2-1-6.webp',1,6, 'Merino Possum Golf Jersey'),
(26, 'each_category/women/code_1426/1426-9-2-3-5.webp', 3,5, 'Merino Possum Golf Jersey'),
(26, 'each_category/women/code_1426/1426-9-2-3-17.webp',3,17, 'Merino Possum Golf Jersey'),
(27, 'each_category/men/code_2127/2127-10-3-1-5.webp', 1,5, 'Merino Polo Shirt'),
(27, 'each_category/men/code_2127/2127-10-3-3-24.webp',3,24, 'Merino Polo Shirt'),
(28, 'each_category/men/code_2128/2128-10-3-1-3.webp',1,3, 'Merino Long Sleeve Crew'),
(28, 'each_category/men/code_2128/2128-10-3-3-24.webp', 3,24, 'Merino Long Sleeve Crew'),
(28, 'each_category/men/code_2128/2128-10-3-3-5.webp',3,5, 'Merino Long Sleeve Crew'),
(29, 'each_category/men/code_2129/2129-10-3-1-3.webp',1,3, 'Merino Tee'),
(29, 'each_category/men/code_2129/2129-10-3-3-24.webp',3,24, 'Merino Tee'),
(29, 'each_category/men/code_2129/2129-10-3-3-5.webp',3,5, 'Merino Tee'),
(30, 'each_category/men/code_2230/2230-11-4-1-10.webp',1,10, 'Merino Rib Crew Sweater'),
(30, 'each_category/men/code_2230/2230-11-4-2-3.webp',3,3, 'Merino Rib Crew Sweater'),
(30, 'each_category/men/code_2230/2230-11-4-2-17.webp',3,17, 'Merino Rib Crew Sweater'),
(31, 'each_category/men/code_2231/2231-11-4-1-1.webp',1,1, 'Merino Fine V Neck Sweater'),
(31, 'each_category/men/code_2231/2231-11-4-3-3.webp',3,3, 'Merino Fine V Neck Sweater'),
(31, 'each_category/men/code_2231/2231-11-4-3-10.webp',3,10, 'Merino Fine V Neck Sweater'),
(32, 'each_category/men/code_2232/2232-11-4-1-10.webp',1,10, 'Merino Fine V Neck Sweater'),
(32, 'each_category/men/code_2232/2232-11-4-3-8.webp',3,8, 'Merino Fine V Neck Sweater'),
(32, 'each_category/men/code_2232/2232-11-4-3-23.webp',3,23, 'Merino Possum Crew Neck Jersey'),
(33, 'each_category/men/code_2333/2333-12-5-1-9.webp',1,9, 'Merino Possum Bristol Jacket'),
(33, 'each_category/men/code_2333/2333-12-5-3-10.webp',3,10, 'Merino Possum Bristol Jacket'),
(34, 'each_category/men/code_2334/2334-12-5-1-14.webp',1,14, 'Merino Possum Turtle Neck Zip Sweater'),
(34, 'each_category/men/code_2334/2334-12-5-3-10.webp',3,10, 'Merino Possum Turtle Neck Zip Sweater'),
(34, 'each_category/men/code_2334/2334-12-5-3-23.webp',3,23, 'Merino Possum Turtle Neck Zip Sweater'),
(35, 'each_category/men/code_2335/2335-12-5-1-24.webp',1,24, 'Merino Possum Turtle Neck Zip Sweater'),
(35, 'each_category/men/code_2335/2335-12-5-3-5.webp',3,5, 'Merino Possum Turtle Neck Zip Sweater'),
(36, 'each_category/men/code_2336/2336-12-5-1-8.webp',1,8, 'Merino Possum Bristol Jackets'),
(36, 'each_category/men/code_2336/2336-12-5-3-10.webp',3,10, 'Merino Possum Bristol Jackets'),
(36, 'each_category/men/code_2336/2336-12-5-3-3.webp',3,3, 'Merino Possum Bristol Jackets'),
(37, 'each_category/accessories/code_3037/3037-3-6-1-17.webp',1,17, 'Merino Possum Cable Hat'),
(37, 'each_category/accessories/code_3037/3037-3-6-3-6.webp',3,6, 'Merino Possum Cable Hat'),
(37, 'each_category/accessories/code_3037/3037-3-6-3-5.webp',3,5, 'Merino Possum Cable Hat'),
(37, 'each_category/accessories/code_3037/3037-3-6-3-10.webp',3,10, 'Merino Possum Cable Hat'),
(38, 'each_category/accessories/code_3038/3038-3-7-1-16.webp',1,16, 'Merino Possum Cable Hat'),
(38, 'each_category/accessories/code_3038/3038-3-7-3-5.webp',3,5, 'Merino Possum Cable Hat'),
(38, 'each_category/accessories/code_3038/3038-3-7-3-14.webp',3,14, 'Merino Possum Cable Hat'),
(38, 'each_category/accessories/code_3038/3038-3-7-3-18.webp',3,18, 'Merino Possum Cable Hat'),
(39, 'each_category/accessories/code_3039/3039-3-8-1-17.webp',1,17, 'Merino Possum Cable Hat'),
(39, 'each_category/accessories/code_3039/3039-3-8-3-6.webp',3,6, 'Merino Possum Cable Hat'),
(39, 'each_category/accessories/code_3039/3039-3-8-3-10.webp',3,10, 'Merino Possum Cable Hat'),
(39, 'each_category/accessories/code_3039/3039-3-8-3-5.webp',3,5, 'Merino Possum Cable Hat'),
(40, 'each_category/accessories/code_3040/3040-3-9-1-2.webp',1,2, 'Merino Spotty Sock'),
(40, 'each_category/accessories/code_3040/3040-3-9-3-8.webp',3,8, 'Merino Spotty Sock'),
(40, 'each_category/accessories/code_3040/3040-3-9-3-5.webp',3,5, 'Merino Spotty Sock'),
(41, 'each_category/kids/code_4041/4041-4-10-1-3.webp',1,3, 'Kid Merino L/S Allsorts'),
(41, 'each_category/kids/code_4041/4041-4-10-3-2.webp',3,2, 'Kid Merino L/S Allsorts'),
(41, 'each_category/kids/code_4041/4041-4-10-3-1.webp',3,1, 'Kid Merino L/S Allsorts'),
(42, 'each_category/kids/code_4042/4042-4-10-1-24.webp',1,24, 'Merino Babies Beanie'),
(43, 'each_category/kids/code_4043/4043-4-10-1-1.webp',1,1, 'Merino Babies Beanie'),
(43, 'each_category/kids/code_4043/4043-4-10-3-10.jpeg',3,10, 'Merino Babies Beanie'),
(44, 'each_category/homeware/code_5044/5044-5-9-1-1.jpeg',1,1, 'Possum Merino Queen Throw - Noble Wilde Knitwear'),
(44, 'each_category/homeware/code_5044/5044-5-5-3-5.jpeg',3,5, 'Possum Merino Queen Throw - Noble Wilde Knitwear'),
(44, 'each_category/homeware/code_5044/5044-5-5-3-10.jpeg',3,10, 'Possum Merino Queen Throw - Noble Wilde Knitwear'),
(45, 'each_category/homeware/code_5045/5045-5-9-1-10.webp',1,10, 'Possum Merino Lightweight Blanket'),
(45, 'each_category/homeware/code_5045/5045-5-9-3-17.webp',3,17, 'Possum Merino Lightweight Blanket');

INSERT INTO product_variants (id,product_id,color_id,size_id,stock_quantity, additonal_price) VALUES
(1,11,5,1,1,0),
(2,11,5,2,21,0),
(3,11,5,3,11,0),
(4,11,5,4,0,0),
(5,11,5,5,99,0),
(6,11,17,1,230,0),
(7,11,10,1,230,0),
(8,11,18,1,230,0),
(9,11,19,1,230,0),
(10,11,20,1,230,0),
(11,11,21,1,230,0),
(12,11,6,1,230,0),
(13,12,22,2,230,0),
(14,12,22,4,230,0),
(15,12,22,5,230,0),
(16,12,22,7,230,0),
(17,12,10,2,230,0),
(18,12,10,4,230,0),
(19,12,10,5,230,0),
(20,12,10,7,230,0),
(21,12,5,2,230,0),
(22,12,5,4,230,0),
(23,12,5,5,230,0),
(24,12,5,7,230,0),
(25,13,14,1,230,0),
(26,13,17,1,230,0),
(27,13,23,1,230,0),
(28,14,13,1,230,0),
(29,14,11,1,230,0),
(30,14,10,1,230,0),
(31,14,14,1,230,0),
(32,14,15,1,230,0),
(33,15,10,1,230,0),
(34,15,5,1,230,0),
(35,15,18,1,230,0),
(36,15,6,1,230,0),
(37,16,1,1,230,0),
(38,16,10,1,230,0),
(39,16,2,1,230,0),
(40,17,1,3,230,0),
(41,17,1,6,230,0),
(42,17,1,8,230,0),
(43,17,5,3,230,0),
(44,17,5,6,230,0),
(45,17,5,8,230,0),
(46,17,2,3,230,0),
(47,17,2,6,230,0),
(48,17,2,8,23,0),
(49,17,15,3,230,0),
(50,17,15,6,230,0),
(51,17,15,8,230,0),
(52,18,5,6,230,0),
(53,18,5,8,230,0),
(54,18,8,6,230,0),
(55,18,8,8,230,0),
(56,19,8,2,230,0),
(57,19,8,3,230,0),
(58,20,6,2,230,0),
(59,20,6,4,230,0),
(60,20,6,5,230,0),
(61,20,6,7,230,0),
(62,20,6,8,230,0),
(63,20,19,2,230,0),
(64,20,19,4,230,0),
(65,20,19,5,230,0),
(66,20,19,7,230,0),
(67,20,19,8,230,0),
(68,21,6,2,230,0),
(69,21,6,4,230,0),
(70,21,6,5,230,0),
(71,21,19,2,230,0),
(72,21,19,4,230,0),
(73,21,19,5,230,0),
(74,21,10,2,230,0),
(75,21,10,4,230,0),
(76,21,10,5,230,0),
(77,22,5,2,230,0),
(78,22,5,4,230,0),
(79,22,5,5,230,0),
(80,22,1,2,230,0),
(81,22,1,4,230,0),
(82,22,1,5,230,0),
(83,22,3,2,230,0),
(84,22,3,4,230,0),
(85,22,3,5,230,0),
(86,23,17,2,230,0),
(87,23,17,4,230,0),
(88,23,17,5,230,0),
(89,23,10,2,230,0),
(90,23,10,4,230,0),
(91,23,10,5,230,0),
(92,23,19,2,230,0),
(93,23,19,4,230,0),
(94,23,19,5,230,0),
(95,24,8,2,230,0),
(96,24,8,4,230,0),
(97,24,8,5,230,0),
(98,24,5,2,230,0),
(99,24,5,4,230,0),
(100,24,5,5,230,0),
(101,24,3,2,230,0),
(102,24,3,4,230,0),
(103,24,3,5,230,0),
(104,25,17,2,230,0),
(105,25,17,4,230,0),
(106,25,17,5,230,0),
(107,25,5,2,230,0),
(108,25,5,4,230,0),
(109,25,5,5,230,0),
(110,26,6,2,230,0),
(111,26,6,4,230,0),
(112,26,6,5,230,0),
(113,26,5,2,230,0),
(114,26,5,4,230,0),
(115,26,5,5,230,0),
(116,26,17,2,230,0),
(117,26,17,4,230,0),
(118,26,17,5,230,0),
(119,27,5,2,230,0),
(120,27,5,4,230,0),
(121,27,5,5,230,0),
(122,27,24,2,230,0),
(123,27,24,4,230,0),
(124,27,24,5,230,0),
(125,28,3,2,230,0),
(126,28,3,4,230,0),
(127,28,3,5,230,0),
(128,28,24,2,230,0),
(129,28,24,4,230,0),
(130,28,24,5,230,0),
(131,28,5,2,230,0),
(132,28,5,4,230,0),
(133,28,5,5,230,0),
(134,29,3,2,230,0),
(135,29,3,4,230,0),
(136,29,3,5,230,0),
(137,29,24,2,230,0),
(138,29,24,4,230,0),
(139,29,24,5,230,0),
(140,29,5,2,230,0),
(141,29,5,4,230,0),
(142,29,5,5,230,0),
(143,30,10,2,230,0),
(144,30,10,4,230,0),
(145,30,10,5,230,0),
(146,30,3,2,230,0),
(147,30,3,4,230,0),
(148,30,3,5,230,0),
(149,30,17,2,230,0),
(150,30,17,4,230,0),
(151,30,17,5,230,0),
(152,31,1,2,230,0),
(153,31,1,4,230,0),
(154,31,1,5,230,0),
(155,31,3,2,230,0),
(156,31,3,4,230,0),
(157,31,3,5,230,0),
(158,31,10,2,230,0),
(159,31,10,4,230,0),
(160,31,10,5,230,0),
(161,32,10,2,230,0),
(162,32,10,4,230,0),
(163,32,10,5,230,0),
(164,32,8,2,230,0),
(165,32,8,4,230,0),
(166,32,8,5,230,0),
(167,32,23,2,230,0),
(168,32,23,4,230,0),
(169,32,23,5,230,0),
(170,33,9,2,230,0),
(171,33,9,4,230,0),
(172,33,9,5,230,0),
(173,33,10,2,230,0),
(174,33,10,4,230,0),
(175,33,10,5,230,0),
(176,34,14,2,230,0),
(177,34,14,4,230,0),
(178,34,14,5,230,0),
(179,34,10,2,230,0),
(180,34,10,4,230,0),
(181,34,10,5,230,0),
(182,34,23,2,230,0),
(183,34,23,4,230,0),
(184,34,23,5,230,0),
(185,35,24,2,230,0),
(186,35,24,4,230,0),
(187,35,24,5,230,0),
(188,35,5,2,230,0),
(189,35,5,4,230,0),
(190,35,5,5,230,0),
(191,36,8,2,230,0),
(192,36,8,4,230,0),
(193,36,8,5,230,0),
(194,36,10,2,230,0),
(195,36,10,4,230,0),
(196,36,10,5,230,0),
(197,36,3,2,230,0),
(198,36,3,4,230,0),
(199,36,3,5,230,0),
(200,37,17,1,230,0),
(201,37,6,1,230,0),
(202,37,5,1,230,0),
(203,37,10,1,230,0),
(204,38,16,3,230,0),
(205,38,16,6,230,0),
(206,38,5,3,230,0),
(207,38,5,6,230,0),
(208,38,14,3,230,0),
(209,38,14,6,230,0),
(210,38,18,3,230,0),
(211,38,18,6,230,0),
(212,39,17,1,230,0),
(213,39,6,1,230,0),
(214,39,10,1,230,0),
(215,39,5,1,230,0),
(216,40,2,1,230,0),
(217,40,8,1,230,0),
(218,40,5,1,230,0),
(219,41,3,2,230,0),
(220,41,3,3,230,0),
(221,41,2,2,230,0),
(222,41,2,3,230,0),
(223,41,1,2,230,0),
(224,41,1,3,230,0),
(225,42,24,2,230,0),
(226,42,24,3,230,0),
(227,43,1,1,230,0),
(228,43,10,1,230,0),
(229,44,1,1,230,0),
(230,44,5,1,230,0),
(231,44,10,1,230,0),
(232,45,10,1,230,0),
(233,45,17,1,230,0);


-- Inserting data into promotions table
INSERT INTO promotions (promotion_name, start_date, end_date, discount_rate, description) VALUES
('Winter Warm-up', '2024-06-01', '2024-06-30', 0.1, 'Stay warm this winter with our Winter Warm-up promotion! Enjoy a 10% discount on selected winter products.'),
('Back to School', '2024-06-09', '2024-12-15', 0.2, 'Get ready for school with our Back to School promotion! Enjoy 20% off on school supplies and selected items.'),
('Mid-Year Madness', '2024-06-01', '2024-07-31', 0.15, 'Dont miss out on our Mid-Year Madness promotion! Enjoy a 15% discount on a wide range of products.'),
('Spring Sale', '2024-09-01', '2024-09-30', 0.25, 'Spring into savings with our Spring Sale! Enjoy 25% off on selected items during the month of September.');


INSERT INTO promotion_products (promotion_id, product_id, category_id) VALUES
(1, 1, null),  
(3, null, 4),
(1, null, 6),
(4, 28, null);

INSERT INTO order_status_types (id, status_type, description) VALUES
(1, 'Pending', 'Waiting for processing'),  
(2, 'Processing', 'Currently being processed'),
(3, 'Shipped', 'Order has been shipped out'),
(4, 'Delivered', 'Order has been delivered to the customer'),
(5, 'Ready for Pick Up', 'Order has been ready for pick up');

INSERT INTO payment_types (id, type_name, description) VALUES
(1, 'Credit', 'the most convenient payment method'),
(2, 'Gift Card', 'the second convenient payment method'),
(3, 'Points', 'the third convenient payment method');

INSERT INTO orders (id, user_id, order_date, total_excl_gst, total_points, shipping_fee, status_id, recipient_name, recipient_mobile,
delivery_street,delivery_city,delivery_state,delivery_country, delivery_post_code,order_note) VALUES
(1, 1, '2024-5-15', 3599.82, 360.00, 0.00, 4, 'John Doe','0277654321','Lincoln University unit 1','Christchurch','Canterbury', 'New Zealand','1743','leave my parcel at the front door'),  
(2, 1, '2024-5-10', 199.99, 199.99, 0.00, 2, 'John Doe','0277654321','Lincoln University unit 1','Christchurch','Canterbury', 'New Zealand','1743','leave my parcel at the front door'),
(3, 1, '2024-5-8', 399.98, 399.98, 0.00, 3, 'John Doe','0277654321','Lincoln University unit 1','Christchurch','Canterbury', 'New Zealand','1743','leave my parcel at the front door'),
(4, 1, '2024-5-5', 399.98, 399.98, 0.00, 4, 'John Doe','0277654321','Lincoln University unit 1','Christchurch','Canterbury', 'New Zealand','1743','leave my parcel at the front door'),
(5, 1, '2024-5-2', 199.99, 199.99, 0.00, 4, 'John Doe','0277654321','Lincoln University unit 1','Christchurch','Canterbury', 'New Zealand','1743','leave my parcel at the front door'),
(6, 10, '2024-6-1', 5800.00, 580.00, 0.00, 1, 'Dora Abda','0277654322','13 Alexander Tolmer Wy','Robe','Adelaide', 'Australia','5276',"Happy Children's Day!"),
(7, 5, '2024-6-2', 3500.00, 350.00, 0.00, 4, 'Jason Collins','0277654325','1400 Tomoana Road, Tomoana','Hastings',"Hawke's Bay",'New Zealand','4172',"Thanks!"),
(8, 5, '2024-6-4', 350.00, 35.00, 0.00, 3, 'Jason Collins','0277654325','1400 Tomoana Road, Tomoana','Hastings',"Hawke's Bay",'New Zealand','4172',"Thanks!"),
(9, 5, '2024-6-5', 1900.00, 190.00, 0.00, 1, 'Jason Collins','0277654325','1400 Tomoana Road, Tomoana','Hastings',"Hawke's Bay",'New Zealand','4172',"Thanks!"),
(10, 1, '2023-7-2', 5975.00, 597.50, 0.00, 4, 'John Doe','0277654321','Lincoln University unit 1','Christchurch','Canterbury', 'New Zealand','1743','leave my parcel at the front door'),
(11, 1, '2023-8-2', 4975.00, 497.50, 0.00, 4, 'John Doe','0277654321','Lincoln University unit 1','Christchurch','Canterbury', 'New Zealand','1743','leave my parcel at the front door'),
(12, 1, '2023-9-2', 3500.00, 350.00, 0.00, 4, 'John Doe','0277654321','Lincoln University unit 1','Christchurch','Canterbury', 'New Zealand','1743','leave my parcel at the front door'),
(13, 1, '2023-10-2', 1900.00, 190.00, 0.00, 4, 'John Doe','0277654321','Lincoln University unit 1','Christchurch','Canterbury', 'New Zealand','1743','leave my parcel at the front door'),
(14, 1, '2023-11-2', 1990.00, 199.90, 0.00, 4, 'John Doe','0277654321','Lincoln University unit 1','Christchurch','Canterbury', 'New Zealand','1743','leave my parcel at the front door'),
(15, 1, '2023-12-2', 1287.00, 128.70, 0.00, 4, 'John Doe','0277654321','Lincoln University unit 1','Christchurch','Canterbury', 'New Zealand','1743','leave my parcel at the front door'),
(16, 1, '2024-1-2', 1167.00, 116.70, 0.00, 4, 'John Doe','0277654321','Lincoln University unit 1','Christchurch','Canterbury', 'New Zealand','1743','leave my parcel at the front door'),
(17, 1, '2024-2-2', 2190.00, 219.00, 0.00, 4, 'John Doe','0277654321','Lincoln University unit 1','Christchurch','Canterbury', 'New Zealand','1743','leave my parcel at the front door'),
(18, 1, '2024-3-2', 3290.00, 329.00, 0.00, 4, 'John Doe','0277654321','Lincoln University unit 1','Christchurch','Canterbury', 'New Zealand','1743','leave my parcel at the front door'),
(19, 1, '2024-4-2', 3900.00, 390.00, 0.00, 4, 'John Doe','0277654321','Lincoln University unit 1','Christchurch','Canterbury', 'New Zealand','1743','leave my parcel at the front door'),
(20, 5, '2023-7-5', 13900.00, 0.00, 0.00, 4, 'Jason Collins','0277654325','1400 Tomoana Road, Tomoana','Hastings',"Hawke's Bay",'New Zealand','4172',"Thanks!"),
(21, 5, '2023-8-5', 9900.00, 0.00, 0.00, 4, 'Jason Collins','0277654325','1400 Tomoana Road, Tomoana','Hastings',"Hawke's Bay",'New Zealand','4172',"Thanks!"),
(22, 5, '2023-9-5', 3500.00, 0.00, 0.00, 4, 'Jason Collins','0277654325','1400 Tomoana Road, Tomoana','Hastings',"Hawke's Bay",'New Zealand','4172',"Thanks!"),
(23, 5, '2023-10-5', 429.00, 0.00, 0.00, 4, 'Jason Collins','0277654325','1400 Tomoana Road, Tomoana','Hastings',"Hawke's Bay",'New Zealand','4172',"Thanks!"),
(24, 5, '2023-11-5', 429.00, 0.00, 0.00, 4, 'Jason Collins','0277654325','1400 Tomoana Road, Tomoana','Hastings',"Hawke's Bay",'New Zealand','4172',"Thanks!"),
(25, 5, '2023-12-5', 429.00, 0.00, 0.00, 4, 'Jason Collins','0277654325','1400 Tomoana Road, Tomoana','Hastings',"Hawke's Bay",'New Zealand','4172',"Thanks!"),
(26, 5, '2024-1-5', 389.00, 0.00, 0.00, 4, 'Jason Collins','0277654325','1400 Tomoana Road, Tomoana','Hastings',"Hawke's Bay",'New Zealand','4172',"Thanks!"),
(27, 5, '2024-2-5', 389.00, 0.00, 0.00, 4, 'Jason Collins','0277654325','1400 Tomoana Road, Tomoana','Hastings',"Hawke's Bay",'New Zealand','4172',"Thanks!"),
(28, 5, '2024-3-5', 389.00, 0.00, 0.00, 4, 'Jason Collins','0277654325','1400 Tomoana Road, Tomoana','Hastings',"Hawke's Bay",'New Zealand','4172',"Thanks!"),
(29, 5, '2024-4-5', 389.00, 0.00, 0.00, 4, 'Jason Collins','0277654325','1400 Tomoana Road, Tomoana','Hastings',"Hawke's Bay",'New Zealand','4172',"Thanks!"),
(30, 5, '2024-5-5', 1900.00, 0.00, 0.00, 4, 'Jason Collins','0277654325','1400 Tomoana Road, Tomoana','Hastings',"Hawke's Bay",'New Zealand','4172',"Thanks!");

 INSERT INTO invoices (id, user_id, order_id, total_incl_gst, shipping_fee, total_amount, is_paid) VALUES
 (1, 1, 1, 4139.79, 0.00, 4139.79, 1),
 (2, 1, 2, 229.99, 0.00, 229.99, 1),
 (3, 1, 3, 459.98, 0.00, 459.98, 1),
 (4, 1, 4, 459.98, 0.00, 459.98, 1),
 (5, 1, 5, 229.99, 0.00, 229.99, 1),
 (6, 10, 6, 6670.00, 0.00, 6670.00, 1),
 (7, 5, 7, 4025.00, 0.00, 3622.50, 0),
 (8, 5, 8, 402.50, 0.00, 362.25, 0),
 (9, 5, 9, 2185.00, 0.00, 1966.50, 0),
 (10, 1, 10, 6871.25, 0.00, 6871.25, 1),
 (11, 1, 11, 5721.25, 0.00, 5721.25, 1),
 (12, 1, 12, 4025.00, 0.00, 4025.00, 1),
 (13, 1, 13, 2185.00, 0.00, 2185.00, 1),
 (14, 1, 14, 2288.50, 0.00, 2288.50, 1),
 (15, 1, 15, 1480.05, 0.00, 1480.05, 1),
 (16, 1, 16, 1342.05, 0.00, 1342.05, 1),
 (17, 1, 17, 2518.50, 0.00, 2518.50, 1),
 (18, 1, 18, 3783.50, 0.00, 3783.50, 1),
 (19, 1, 19, 4485.00, 0.00, 4485.00, 1),
 (20, 5, 20, 15985.00, 0.00, 14386.50, 1),
 (21, 5, 21, 11385.00, 0.00, 10246.50, 1),
 (22, 5, 22, 4025.00, 0.00, 3622.50, 1),
 (23, 5, 23, 493.35, 0.00, 444.02, 1),
 (24, 5, 24, 493.35, 0.00, 444.02, 1),
 (25, 5, 25, 493.35, 0.00, 444.02, 1),
 (26, 5, 26, 447.35, 0.00, 402.62, 1),
 (27, 5, 27, 447.35, 0.00, 402.62, 1),
 (28, 5, 28, 447.35, 0.00, 402.62, 1),
 (29, 5, 29, 447.35, 0.00, 402.62, 1),
 (30, 5, 30, 2185.00, 0.00, 1966.50, 1);

 INSERT INTO payments (id,user_id,invoice_id, payment_date,payment_type_id) VALUES
 (1, 1, 1, '2024-5-15', 1),
 (2, 1, 2, '2024-5-10', 2),
 (3, 1, 3, '2024-5-8', 3),
 (4, 1, 4, '2024-5-5', 3),
 (5, 1, 5, '2024-5-2', 3),
 (6, 10, 6, '2024-6-1', 1),
 (7, 1, 10, '2023-7-2', 1),
 (8, 1, 11, '2023-8-2', 1),
 (9, 1, 12, '2023-9-2', 1),
 (10, 1, 13, '2023-10-2', 1),
 (11, 1, 14, '2023-11-2', 1),
 (12, 1, 15, '2023-12-2', 1),
 (13, 1, 16, '2024-1-2', 1),
 (14, 1, 17, '2024-2-2', 1),
 (15, 1, 18, '2024-3-2', 1),
 (16, 1, 19, '2024-4-2', 1),
 (17, 5, 20, '2023-7-5', 1),
 (18, 5, 21, '2023-8-5', 1),
 (19, 5, 22, '2023-9-5', 1),
 (20, 5, 23, '2023-10-5', 1),
 (21, 5, 24, '2023-11-5', 1),
 (22, 5, 25, '2023-12-5', 1),
 (23, 5, 26, '2024-1-5', 1),
 (24, 5, 27, '2024-2-5', 1),
 (25, 5, 28, '2024-3-5', 1),
 (26, 5, 29, '2024-4-5', 1),
 (27, 5, 30, '2024-5-5', 1);

INSERT INTO order_details (id, order_id, product_id, variant_id, quantity, price, points) VALUES
(1, 1, 11, 1, 6, 199.99, 120.00),
(2, 1, 11, 2, 12, 199.99, 240.00),
(3, 2, 11, 3, 1, 199.99, 199.99),
(4, 3, 11, 4, 2, 199.99, 199.99),
(5, 4, 11, 5, 2, 199.99, 199.99),
(6, 5, 11, 6, 1, 199.99, 199.99),
(7, 6, 41, 219, 100, 39.00, 390.00),
(8, 6, 42, 225, 100, 19.00, 190.00),
(9, 7, 38, 206, 100, 35.00, 3.50),
(10, 8, 38, 206, 10, 35.00, 3.50),
(11, 9, 40, 216, 100, 19.00, 1.90),
(12, 10, 25, 105, 25, 239.00, 597.50),
(13, 11, 35, 185, 25, 199.00, 497.50),
(14, 12, 38, 210, 100, 35.00, 350.00),
(15, 13, 40, 216, 100, 19.00, 190.00),
(16, 14, 18, 53, 10, 199.00, 199.00),
(17, 15, 44, 229, 3, 429.00, 128.70),
(18, 16, 45, 233, 3, 389.00, 116.70),
(19, 17, 20, 60, 10, 219.00, 219.00),
(20, 18, 33, 173, 10, 329.00, 329.00),
(21, 19, 41, 222, 100, 39.00, 390.00),
(22, 20, 27, 120, 100, 139.00, 0.00),
(23, 21, 29, 140, 100, 99.00, 0.00),
(24, 22, 38, 229, 100, 35.00, 0.00),
(25, 23, 44, 229, 1, 429.00, 0.00),
(26, 24, 44, 229, 1, 429.00, 0.00),
(27, 25, 44, 229, 1, 429.00, 0.00),
(28, 26, 45, 233, 1, 389.00, 0.00),
(29, 27, 45, 233, 1, 389.00, 0.00),
(30, 28, 45, 233, 1, 389.00, 0.00),
(31, 29, 45, 233, 1, 389.00, 0.00),
(32, 30, 40, 216, 100, 19.00, 0.00);

INSERT INTO message_type (id, message_type_name, description) VALUES
(1, 'Notification', 'General notification messages.'),
(2, 'Reminder', 'Messages reminding users to perform certain actions.'),
(3, 'Private Message', 'Messages sent privately between users.'),
(4, 'Task', 'Tasks assigned to users or employees.'),
(5, 'Meeting Invitation', 'Invitations for users to attend meetings.'),
(6, 'Report', 'Messages reporting work progress or results.'),
(7, 'Approval Request', 'Requests for approval from other users or managers.');

INSERT INTO gift_cards_types (type_name, value, description,redeem_points,is_active) VALUES 
('Standard Card', 20.00, 'A standard gift card with a value of $25 suitable for any occasion.',200, 1),
('Silver Card', 50.00, 'A silver gift card with a value of $50, perfect for special gifts.',500,1),
('Gold Card', 100.00, 'A gold gift card with a value of $100 for extra special occasions.',1000,1),
('Platinum Card', 200.00, 'A platinum gift card with a value of $200 for when you want to make a grand gesture.',2000,1);

INSERT INTO news (news_content, selected) VALUES 
("Orders exceeding $200 qualify for free shipping", 1),
("Happy Mother's Day", 0),
("Merry Christmas!", 0);